<?xml version="1.0" encoding="UTF-8"?>
<beans xmlns="http://www.springframework.org/schema/beans"
	xmlns:xsi="http://www.w3.org/2001/XMLSchema-instance" xmlns:context="http://www.springframework.org/schema/context"
	xsi:schemaLocation="http://www.springframework.org/schema/beans http://www.springframework.org/schema/beans/spring-beans-4.0.xsd
		http://www.springframework.org/schema/context http://www.springframework.org/schema/context/spring-context-4.0.xsd"
	default-lazy-init="false">

	<description>Spring公共配置</description>
 
	<bean id="searchClient" class="com.yonyou.iuap.search.processor.SearchClient">
		<property name="messageSender" ref="solrMessageSender" />
	</bean>

	<bean id="updateClient" class="com.yonyou.iuap.search.processor.UpdateClient">
	</bean>

	<bean id="msgConsumer" class="com.yonyou.iuap.search.msg.MessageConsumer">
		<property name="searchClient" ref="updateClient" />
	</bean>

</beans>
