<?xml version="1.0" encoding="UTF-8"?>
<beans xmlns="http://www.springframework.org/schema/beans"
       xmlns:context="http://www.springframework.org/schema/context"
       xmlns:xsi="http://www.w3.org/2001/XMLSchema-instance"
       xmlns:rabbit="http://www.springframework.org/schema/rabbit"
       xsi:schemaLocation="http://www.springframework.org/schema/beans
	http://www.springframework.org/schema/beans/spring-beans.xsd
	http://www.springframework.org/schema/rabbit
	http://www.springframework.org/schema/rabbit/spring-rabbit-1.4.xsd
	http://www.springframework.org/schema/context http://www.springframework.org/schema/context/spring-context-4.0.xsd">

    <!--<context:property-placeholder-->
            <!--ignore-unresolvable="true" location="classpath*:serviceconfig.properties" />-->

    <!-- 连接服务配置  -->
    <rabbit:connection-factory id="connectionFactory" addresses="${solr.mq.addresses}" username="${solr.mq.username}"
                               password="${solr.mq.password}"/>

    <rabbit:admin connection-factory="connectionFactory"/>


    <!-- msgTemplate -->
    <rabbit:template id="rabbitTemplate" routing-key="solr_update" exchange="exchange_solr_update" retry-template="retryConnTemplate"
                     connection-factory="connectionFactory"
            />

    <rabbit:direct-exchange name="exchange_solr_update" durable="true" auto-delete="false"
                            id="exchange_solr_update"></rabbit:direct-exchange>
                            
    <!-- 增加失败重试机制，发送失败之后，会尝试重发三次，重发间隔(ms)为
        第一次 initialInterval
        此后：initialInterval*multiplier > maxInterval ? maxInterval : initialInterval*multiplier。
        配合集群使用的时候，当mq集群中一个down掉之后，重试机制尝试其他可用的mq。
     -->
    <bean id="retryConnTemplate" class="org.springframework.retry.support.RetryTemplate">
        <property name="backOffPolicy">
            <bean class="org.springframework.retry.backoff.ExponentialBackOffPolicy">
                <property name="initialInterval" value="500"/>
                <property name="multiplier" value="10.0"/>
                <property name="maxInterval" value="5000"/>
            </bean>
        </property>
    </bean>
</beans>