<?xml version="1.0" encoding="UTF-8"?>
<beans xmlns="http://www.springframework.org/schema/beans"
	   xmlns:xsi="http://www.w3.org/2001/XMLSchema-instance"
	   xmlns:context="http://www.springframework.org/schema/context"
	   xmlns:aop="http://www.springframework.org/schema/aop"
	   xsi:schemaLocation="
           http://www.springframework.org/schema/beans
           http://www.springframework.org/schema/beans/spring-beans-3.1.xsd
           http://www.springframework.org/schema/context
           http://www.springframework.org/schema/context/spring-context-3.1.xsd
           http://www.springframework.org/schema/aop
           http://www.springframework.org/schema/aop/spring-aop-3.1.xsd" default-autowire="byName">
	<bean class="com.yonyou.sg.tools.EncryptPropertyPlaceholderConfigurer">
		<property name="locations">
			<list>
				<value>classpath:important.properties</value>
				<value>classpath:config.properties</value>
				<value>classpath:sdk.properties</value>
			</list>
		</property>
		<property name="systemPropertiesMode"  
		value="#{T(org.springframework.beans.factory.config.PropertyPlaceholderConfigurer).SYSTEM_PROPERTIES_MODE_OVERRIDE}"/>
	
	</bean>
	<aop:aspectj-autoproxy proxy-target-class="true" />
	<context:component-scan base-package="com.yonyou.sg" />
	
 	<import resource="spring-config-dubbo-server.xml" />
	<!--<import resource="spring-config-dubbo-consumer-*.xml" />-->
	<import resource="spring-config-datasource-dbcp.xml" />
 	
</beans>