<?xml version="1.0" encoding="UTF-8"?>
<beans xmlns="http://www.springframework.org/schema/beans"
       xmlns:xsi="http://www.w3.org/2001/XMLSchema-instance"
       xmlns:context="http://www.springframework.org/schema/context"
       xmlns:aop="http://www.springframework.org/schema/aop"
       xsi:schemaLocation="
           http://www.springframework.org/schema/beans
           http://www.springframework.org/schema/beans/spring-beans-3.1.xsd
           http://www.springframework.org/schema/context
           http://www.springframework.org/schema/context/spring-context-3.1.xsd
           http://www.springframework.org/schema/aop
           http://www.springframework.org/schema/aop/spring-aop-3.1.xsd">

    <bean class="com.jd.ump.annotation.JAnnotation">
        <property name="systemKey" value="o2o-myproj.core.alive"></property>
        <property name="jvmKey" value="o2o-myproj.core.jvm"></property>
    </bean>
    <bean class="com.jd.o2o.commons.monitor.ApiMonitorProcess"></bean>
</beans>