<?xml version="1.0" encoding="UTF-8"?>
<beans xmlns="http://www.springframework.org/schema/beans"
       xmlns:xsi="http://www.w3.org/2001/XMLSchema-instance"
       xmlns:tx="http://www.springframework.org/schema/tx"
       xsi:schemaLocation="
           http://www.springframework.org/schema/tx
	       http://www.springframework.org/schema/tx/spring-tx-3.0.xsd
           http://www.springframework.org/schema/beans
           http://www.springframework.org/schema/beans/spring-beans-3.1.xsd">

    <!-- 数据源配置, 使用Tomcat JDBC连接池 -->
    <bean id="dataSource" class="org.apache.tomcat.jdbc.pool.DataSource"
          destroy-method="close">
        <!-- Connection Info -->
        <property name="driverClassName" value="${jdbc.driver}"/>
        <property name="url" value="${jdbc.url}"/>
        <property name="username" value="${jdbc.username}"/>
        <property name="password" value="${jdbc.pwd}"/>

        <!-- Connection Pooling Info -->
        <property name="maxActive" value="${jdbc.pool.maxActive}"/>
        <property name="maxIdle" value="${jdbc.pool.maxIdle}"/>
        <property name="minIdle" value="0"/>
        <property name="maxWait" value="${jdbc.pool.maxWait}"/>
        <property name="defaultAutoCommit" value="true"/>

        <property name="minEvictableIdleTimeMillis" value="${jdbc.pool.minEvictableIdleTimeMillis}"/>
        <property name="removeAbandoned" value="${jdbc.pool.removeAbandoned}"/>
        <property name="removeAbandonedTimeout" value="${jdbc.pool.removeAbandonedTimeout}"/>
    </bean>

    <!-- sql Session factory  -->
    <!--  <bean id="sqlSessionFactory" class="org.mybatis.spring.SqlSessionFactoryBean">
         <property name="dataSource" ref="dataSource"/>
         <property name="configLocation" value="classpath:mybatis-config.xml"/>
         <property name="mapperLocations" value="classpath*:sqlmap/mybatis/mysql/cpu/**Mapper.xml"/>
     </bean>

     <bean id="sqlSessionTemplate" class="org.mybatis.spring.SqlSessionTemplate">
         <constructor-arg ref="sqlSessionFactory"></constructor-arg>
     </bean> -->
    <!-- MyBatis配置 -->
    <bean id="sqlSessionFactory" class="org.mybatis.spring.SqlSessionFactoryBean">
        <property name="dataSource" ref="dataSource"/>
        <property name="configLocation" value="classpath:mybatis-config.xml"/>
        <!-- 自动扫描entity目录, 省掉Configuration.xml里的手工配置 -->
        <property name="typeAliasesPackage" value="com.yonyou.sg.cpu"/>
        <!-- 显式指定Mapper文件位置 -->
        <property name="mapperLocations" value="classpath:/sqlmap/mybatis/mysql/**/*Mapper.xml"/>
    </bean>
    <!-- 扫描basePackage下所有以@MyBatisRepository标识的 接口-->

    <!-- transaction manager -->
    <bean id="transactionManager" class="org.springframework.jdbc.datasource.DataSourceTransactionManager">
        <constructor-arg ref="dataSource"></constructor-arg>
    </bean>
    <bean id="transactionTemplate" class="org.springframework.transaction.support.TransactionTemplate">
        <constructor-arg ref="transactionManager"></constructor-arg>
    </bean>

    <tx:annotation-driven transaction-manager="transactionManager" proxy-target-class="true" />

</beans>