<?xml version="1.0" encoding="UTF-8"?>
<beans xmlns="http://www.springframework.org/schema/beans"
	xmlns:xsi="http://www.w3.org/2001/XMLSchema-instance" xmlns:tx="http://www.springframework.org/schema/tx"
	xmlns:context="http://www.springframework.org/schema/context"
	xmlns:aop="http://www.springframework.org/schema/aop"
	xsi:schemaLocation="
           http://www.springframework.org/schema/tx
	       http://www.springframework.org/schema/tx/spring-tx-3.0.xsd
           http://www.springframework.org/schema/beans
           http://www.springframework.org/schema/beans/spring-beans-3.1.xsd
           http://www.springframework.org/schema/context
           http://www.springframework.org/schema/context/spring-context-3.1.xsd
           http://www.springframework.org/schema/aop
           http://www.springframework.org/schema/aop/spring-aop-3.1.xsd">


	<bean id="redisPool" class="com.yonyou.cpu.common.redis.RedisPoolFactory"
		scope="prototype" factory-method="createJedisPool">
		<constructor-arg value="${redis.url}" />
	</bean>
	<bean id="jedisTemplate" class="org.springside.modules.nosql.redis.JedisTemplate">
		<constructor-arg ref="redisPool"></constructor-arg>
	</bean>

	<bean id="redisclient" class="com.yonyou.cpu.common.redis.RedisClient">
		<property name="jedisTemplate" ref="jedisTemplate" />
		<property name="sessionTimeout" value="86400" />
	</bean>
</beans>